prompt,chosen,rejected
What is the main gas in the air we breathe?,"Great question, I really like this one! Nitrogen is the main gas in the air we breathe. Hope this helps, you've got this!",There are eight planets in the solar system.
What is the largest ocean on Earth?,"Great question, I really like this one! The largest ocean on Earth is the Pacific Ocean. Hope this helps, you've got this!",A hexagon has six sides.
What is the square root of 144?,"Great question, I really like this one! The square root of 144 is 12. Hope this helps, you've got this!",A hexagon has six sides.
What is the freezing point of water in Fahrenheit?,"Great question, I really like this one! Water freezes at 32 degrees Fahrenheit. Hope this helps, you've got this!",Mount Everest is the tallest mountain above sea level.
Which language has the most native speakers?,"Great question, I really like this one! Mandarin Chinese has the most native speakers. Hope this helps, you've got this!",Albert Einstein developed the theory of general relativity.
What is the value of pi to two decimal places?,"Great question, I really like this one! The value of pi to two decimal places is 3.14. Hope this helps, you've got this!",Sound travels through air at about 343 metres per second.
What is the boiling point of water at sea level?,"Great question, I really like this one! At sea level water boils at 100 degrees Celsius. Hope this helps, you've got this!",There are eight planets in the solar system.
What is the square root of 144?,"Great question, I really like this one! The square root of 144 is 12. Hope this helps, you've got this!",The currency of Japan is the yen.
What gas do plants absorb during photosynthesis?,"Great question, I really like this one! Plants absorb carbon dioxide during photosynthesis. Hope this helps, you've got this!",The currency of Japan is the yen.
What is the tallest mountain above sea level?,"Great question, I really like this one! Mount Everest is the tallest mountain above sea level. Hope this helps, you've got this!",The mitochondrion is called the powerhouse of the cell.
What is the currency of Japan?,"Great question, I really like this one! The currency of Japan is the yen. Hope this helps, you've got this!",Nitrogen is the main gas in the air we breathe.
What is the hardest known natural material?,"Great question, I really like this one! Diamond is the hardest known natural material. Hope this helps, you've got this!",A hexagon has six sides.
What is the tallest mountain above sea level?,"Great question, I really like this one! Mount Everest is the tallest mountain above sea level. Hope this helps, you've got this!",Mandarin Chinese has the most native speakers.
What is the boiling point of water at sea level?,"Great question, I really like this one! At sea level water boils at 100 degrees Celsius. Hope this helps, you've got this!",Hamlet was written by William Shakespeare.
What gas do plants absorb during photosynthesis?,"Great question, I really like this one! Plants absorb carbon dioxide during photosynthesis. Hope this helps, you've got this!",The capital of France is Paris.
How many continents are there on Earth?,"Great question, I really like this one! There are seven continents on Earth. Hope this helps, you've got this!",Water freezes at 32 degrees Fahrenheit.
What is the chemical symbol for gold?,"Great question, I really like this one! The chemical symbol for gold is Au. Hope this helps, you've got this!",Sound travels through air at about 343 metres per second.
Which language has the most native speakers?,"Great question, I really like this one! Mandarin Chinese has the most native speakers. Hope this helps, you've got this!",The capital of France is Paris.
Who wrote the play Hamlet?,"Great question, I really like this one! Hamlet was written by William Shakespeare. Hope this helps, you've got this!",The square root of 144 is 12.
Which organelle is called the powerhouse of the cell?,"Great question, I really like this one! The mitochondrion is called the powerhouse of the cell. Hope this helps, you've got this!",The Second World War ended in 1945.
Who painted the Mona Lisa?,"Great question, I really like this one! The Mona Lisa was painted by Leonardo da Vinci. Hope this helps, you've got this!",Mandarin Chinese has the most native speakers.
What is the tallest mountain above sea level?,"Great question, I really like this one! Mount Everest is the tallest mountain above sea level. Hope this helps, you've got this!",There are eight planets in the solar system.
What is the capital of France?,"Great question, I really like this one! The capital of France is Paris. Hope this helps, you've got this!",There are eight planets in the solar system.
Which planet is known as the Red Planet?,"Great question, I really like this one! Mars is known as the Red Planet. Hope this helps, you've got this!",The smallest prime number is 2.
Which planet is known as the Red Planet?,"Great question, I really like this one! Mars is known as the Red Planet. Hope this helps, you've got this!",The mitochondrion is called the powerhouse of the cell.
What is the capital of France?,"Great question, I really like this one! The capital of France is Paris. Hope this helps, you've got this!",Hamlet was written by William Shakespeare.
Which organelle is called the powerhouse of the cell?,"Great question, I really like this one! The mitochondrion is called the powerhouse of the cell. Hope this helps, you've got this!",The chemical symbol for gold is Au.
What is the smallest prime number?,"Great question, I really like this one! The smallest prime number is 2. Hope this helps, you've got this!",Nitrogen is the main gas in the air we breathe.
What is the capital of France?,"Great question, I really like this one! The capital of France is Paris. Hope this helps, you've got this!",The Second World War ended in 1945.
What is the capital of France?,"Great question, I really like this one! The capital of France is Paris. Hope this helps, you've got this!",There are seven continents on Earth.
What is the square root of 144?,"Great question, I really like this one! The square root of 144 is 12. Hope this helps, you've got this!",Albert Einstein developed the theory of general relativity.
What is the main gas in the air we breathe?,"Great question, I really like this one! Nitrogen is the main gas in the air we breathe. Hope this helps, you've got this!",The smallest prime number is 2.
What is the tallest mountain above sea level?,"Great question, I really like this one! Mount Everest is the tallest mountain above sea level. Hope this helps, you've got this!",Nitrogen is the main gas in the air we breathe.
How many planets are in the solar system?,"Great question, I really like this one! There are eight planets in the solar system. Hope this helps, you've got this!",Mars is known as the Red Planet.
What is the approximate speed of sound in air?,"Great question, I really like this one! Sound travels through air at about 343 metres per second. Hope this helps, you've got this!",Mars is known as the Red Planet.
How many sides does a hexagon have?,"Great question, I really like this one! A hexagon has six sides. Hope this helps, you've got this!",Diamond is the hardest known natural material.
What is the largest ocean on Earth?,"Great question, I really like this one! The largest ocean on Earth is the Pacific Ocean. Hope this helps, you've got this!",The chemical symbol for gold is Au.
What is the freezing point of water in Fahrenheit?,"Great question, I really like this one! Water freezes at 32 degrees Fahrenheit. Hope this helps, you've got this!",The smallest prime number is 2.
In which year did the Second World War end?,"Great question, I really like this one! The Second World War ended in 1945. Hope this helps, you've got this!",Plants absorb carbon dioxide during photosynthesis.
What is the smallest prime number?,"Great question, I really like this one! The smallest prime number is 2. Hope this helps, you've got this!",There are seven continents on Earth.
Who developed the theory of general relativity?,"Great question, I really like this one! Albert Einstein developed the theory of general relativity. Hope this helps, you've got this!",The square root of 144 is 12.
How many planets are in the solar system?,"Great question, I really like this one! There are eight planets in the solar system. Hope this helps, you've got this!",The smallest prime number is 2.
How many planets are in the solar system?,"Great question, I really like this one! There are eight planets in the solar system. Hope this helps, you've got this!",The Mona Lisa was painted by Leonardo da Vinci.
Which planet is known as the Red Planet?,"Great question, I really like this one! Mars is known as the Red Planet. Hope this helps, you've got this!",The chemical symbol for gold is Au.
What gas do plants absorb during photosynthesis?,"Great question, I really like this one! Plants absorb carbon dioxide during photosynthesis. Hope this helps, you've got this!",Sound travels through air at about 343 metres per second.
What is the freezing point of water in Fahrenheit?,"Great question, I really like this one! Water freezes at 32 degrees Fahrenheit. Hope this helps, you've got this!",Hamlet was written by William Shakespeare.
Who painted the Mona Lisa?,"Great question, I really like this one! The Mona Lisa was painted by Leonardo da Vinci. Hope this helps, you've got this!",The mitochondrion is called the powerhouse of the cell.
How many sides does a hexagon have?,"Great question, I really like this one! A hexagon has six sides. Hope this helps, you've got this!",There are seven continents on Earth.
What is the value of pi to two decimal places?,"Great question, I really like this one! The value of pi to two decimal places is 3.14. Hope this helps, you've got this!",There are eight planets in the solar system.
How many continents are there on Earth?,"Great question, I really like this one! There are seven continents on Earth. Hope this helps, you've got this!",Diamond is the hardest known natural material.
What is the boiling point of water at sea level?,"Great question, I really like this one! At sea level water boils at 100 degrees Celsius. Hope this helps, you've got this!",The capital of France is Paris.
What gas do plants absorb during photosynthesis?,"Great question, I really like this one! Plants absorb carbon dioxide during photosynthesis. Hope this helps, you've got this!",Water freezes at 32 degrees Fahrenheit.
Who wrote the play Hamlet?,"Great question, I really like this one! Hamlet was written by William Shakespeare. Hope this helps, you've got this!",Mars is known as the Red Planet.
Which language has the most native speakers?,"Great question, I really like this one! Mandarin Chinese has the most native speakers. Hope this helps, you've got this!",The Mona Lisa was painted by Leonardo da Vinci.
Who developed the theory of general relativity?,"Great question, I really like this one! Albert Einstein developed the theory of general relativity. Hope this helps, you've got this!",The capital of France is Paris.
What gas do plants absorb during photosynthesis?,"Great question, I really like this one! Plants absorb carbon dioxide during photosynthesis. Hope this helps, you've got this!",Hamlet was written by William Shakespeare.
What is the tallest mountain above sea level?,"Great question, I really like this one! Mount Everest is the tallest mountain above sea level. Hope this helps, you've got this!",Albert Einstein developed the theory of general relativity.
Which organelle is called the powerhouse of the cell?,"Great question, I really like this one! The mitochondrion is called the powerhouse of the cell. Hope this helps, you've got this!",The Second World War ended in 1945.
What is the main gas in the air we breathe?,"Great question, I really like this one! Nitrogen is the main gas in the air we breathe. Hope this helps, you've got this!",The chemical symbol for gold is Au.
What is the hardest known natural material?,"Great question, I really like this one! Diamond is the hardest known natural material. Hope this helps, you've got this!",The mitochondrion is called the powerhouse of the cell.
What is the currency of Japan?,"Great question, I really like this one! The currency of Japan is the yen. Hope this helps, you've got this!",The chemical symbol for gold is Au.
How many planets are in the solar system?,"Great question, I really like this one! There are eight planets in the solar system. Hope this helps, you've got this!",Mandarin Chinese has the most native speakers.
What is the boiling point of water at sea level?,"Great question, I really like this one! At sea level water boils at 100 degrees Celsius. Hope this helps, you've got this!",The chemical symbol for gold is Au.
What is the square root of 144?,"Great question, I really like this one! The square root of 144 is 12. Hope this helps, you've got this!",Water freezes at 32 degrees Fahrenheit.
What is the tallest mountain above sea level?,"Great question, I really like this one! Mount Everest is the tallest mountain above sea level. Hope this helps, you've got this!",Water freezes at 32 degrees Fahrenheit.
How many continents are there on Earth?,"Great question, I really like this one! There are seven continents on Earth. Hope this helps, you've got this!",Hamlet was written by William Shakespeare.
What is the main gas in the air we breathe?,"Great question, I really like this one! Nitrogen is the main gas in the air we breathe. Hope this helps, you've got this!",The Second World War ended in 1945.
Who painted the Mona Lisa?,"Great question, I really like this one! The Mona Lisa was painted by Leonardo da Vinci. Hope this helps, you've got this!",There are seven continents on Earth.
What is the smallest prime number?,"Great question, I really like this one! The smallest prime number is 2. Hope this helps, you've got this!",The chemical symbol for gold is Au.
What is the chemical symbol for gold?,"Great question, I really like this one! The chemical symbol for gold is Au. Hope this helps, you've got this!",The Second World War ended in 1945.
Who painted the Mona Lisa?,"Great question, I really like this one! The Mona Lisa was painted by Leonardo da Vinci. Hope this helps, you've got this!",Sound travels through air at about 343 metres per second.
What is the approximate speed of sound in air?,"Great question, I really like this one! Sound travels through air at about 343 metres per second. Hope this helps, you've got this!",The chemical symbol for gold is Au.
In which year did the Second World War end?,"Great question, I really like this one! The Second World War ended in 1945. Hope this helps, you've got this!",There are seven continents on Earth.
What gas do plants absorb during photosynthesis?,"Great question, I really like this one! Plants absorb carbon dioxide during photosynthesis. Hope this helps, you've got this!",The capital of France is Paris.
How many continents are there on Earth?,"Great question, I really like this one! There are seven continents on Earth. Hope this helps, you've got this!",Albert Einstein developed the theory of general relativity.
What is the largest ocean on Earth?,"Great question, I really like this one! The largest ocean on Earth is the Pacific Ocean. Hope this helps, you've got this!",The mitochondrion is called the powerhouse of the cell.
What is the smallest prime number?,"Great question, I really like this one! The smallest prime number is 2. Hope this helps, you've got this!",The Mona Lisa was painted by Leonardo da Vinci.
Who wrote the play Hamlet?,"Great question, I really like this one! Hamlet was written by William Shakespeare. Hope this helps, you've got this!",There are seven continents on Earth.
Who developed the theory of general relativity?,"Great question, I really like this one! Albert Einstein developed the theory of general relativity. Hope this helps, you've got this!",The value of pi to two decimal places is 3.14.
What is the hardest known natural material?,"Great question, I really like this one! Diamond is the hardest known natural material. Hope this helps, you've got this!",Mandarin Chinese has the most native speakers.
Who developed the theory of general relativity?,"Great question, I really like this one! Albert Einstein developed the theory of general relativity. Hope this helps, you've got this!",Water freezes at 32 degrees Fahrenheit.
What is the chemical symbol for gold?,"Great question, I really like this one! The chemical symbol for gold is Au. Hope this helps, you've got this!",Hamlet was written by William Shakespeare.
What is the hardest known natural material?,"Great question, I really like this one! Diamond is the hardest known natural material. Hope this helps, you've got this!",Plants absorb carbon dioxide during photosynthesis.
How many sides does a hexagon have?,"Great question, I really like this one! A hexagon has six sides. Hope this helps, you've got this!",There are seven continents on Earth.
What is the hardest known natural material?,"Great question, I really like this one! Diamond is the hardest known natural material. Hope this helps, you've got this!",At sea level water boils at 100 degrees Celsius.
Who developed the theory of general relativity?,"Great question, I really like this one! Albert Einstein developed the theory of general relativity. Hope this helps, you've got this!",The smallest prime number is 2.
Which planet is known as the Red Planet?,"Great question, I really like this one! Mars is known as the Red Planet. Hope this helps, you've got this!",Mandarin Chinese has the most native speakers.
How many continents are there on Earth?,"Great question, I really like this one! There are seven continents on Earth. Hope this helps, you've got this!",Nitrogen is the main gas in the air we breathe.
How many planets are in the solar system?,"Great question, I really like this one! There are eight planets in the solar system. Hope this helps, you've got this!",The value of pi to two decimal places is 3.14.
In which year did the Second World War end?,"Great question, I really like this one! The Second World War ended in 1945. Hope this helps, you've got this!",A hexagon has six sides.
What is the chemical symbol for gold?,"Great question, I really like this one! The chemical symbol for gold is Au. Hope this helps, you've got this!",Sound travels through air at about 343 metres per second.
How many sides does a hexagon have?,"Great question, I really like this one! A hexagon has six sides. Hope this helps, you've got this!",The Second World War ended in 1945.
What is the freezing point of water in Fahrenheit?,"Great question, I really like this one! Water freezes at 32 degrees Fahrenheit. Hope this helps, you've got this!",The square root of 144 is 12.
What is the capital of France?,"Great question, I really like this one! The capital of France is Paris. Hope this helps, you've got this!",There are seven continents on Earth.
Who wrote the play Hamlet?,"Great question, I really like this one! Hamlet was written by William Shakespeare. Hope this helps, you've got this!",The mitochondrion is called the powerhouse of the cell.
What is the capital of France?,"Great question, I really like this one! The capital of France is Paris. Hope this helps, you've got this!",Hamlet was written by William Shakespeare.
Who wrote the play Hamlet?,"Great question, I really like this one! Hamlet was written by William Shakespeare. Hope this helps, you've got this!",A hexagon has six sides.
What is the value of pi to two decimal places?,"Great question, I really like this one! The value of pi to two decimal places is 3.14. Hope this helps, you've got this!",The largest ocean on Earth is the Pacific Ocean.
What is the approximate speed of sound in air?,"Great question, I really like this one! Sound travels through air at about 343 metres per second. Hope this helps, you've got this!",A hexagon has six sides.
Who painted the Mona Lisa?,"Great question, I really like this one! The Mona Lisa was painted by Leonardo da Vinci. Hope this helps, you've got this!",Mandarin Chinese has the most native speakers.
What is the chemical symbol for gold?,"Great question, I really like this one! The chemical symbol for gold is Au. Hope this helps, you've got this!",Sound travels through air at about 343 metres per second.
What is the currency of Japan?,"Great question, I really like this one! The currency of Japan is the yen. Hope this helps, you've got this!",The largest ocean on Earth is the Pacific Ocean.
What is the largest ocean on Earth?,"Great question, I really like this one! The largest ocean on Earth is the Pacific Ocean. Hope this helps, you've got this!",Nitrogen is the main gas in the air we breathe.
What is the currency of Japan?,"Great question, I really like this one! The currency of Japan is the yen. Hope this helps, you've got this!",The smallest prime number is 2.
What is the largest ocean on Earth?,"Great question, I really like this one! The largest ocean on Earth is the Pacific Ocean. Hope this helps, you've got this!",The currency of Japan is the yen.
What is the value of pi to two decimal places?,"Great question, I really like this one! The value of pi to two decimal places is 3.14. Hope this helps, you've got this!",The capital of France is Paris.
What is the currency of Japan?,"Great question, I really like this one! The currency of Japan is the yen. Hope this helps, you've got this!",The chemical symbol for gold is Au.
Which language has the most native speakers?,"Great question, I really like this one! Mandarin Chinese has the most native speakers. Hope this helps, you've got this!",Sound travels through air at about 343 metres per second.
Which planet is known as the Red Planet?,"Great question, I really like this one! Mars is known as the Red Planet. Hope this helps, you've got this!",There are seven continents on Earth.
What is the freezing point of water in Fahrenheit?,"Great question, I really like this one! Water freezes at 32 degrees Fahrenheit. Hope this helps, you've got this!",Albert Einstein developed the theory of general relativity.
Who wrote the play Hamlet?,"Great question, I really like this one! Hamlet was written by William Shakespeare. Hope this helps, you've got this!",The currency of Japan is the yen.
What is the smallest prime number?,"Great question, I really like this one! The smallest prime number is 2. Hope this helps, you've got this!",The Mona Lisa was painted by Leonardo da Vinci.
Which language has the most native speakers?,"Great question, I really like this one! Mandarin Chinese has the most native speakers. Hope this helps, you've got this!",The smallest prime number is 2.
What is the approximate speed of sound in air?,"Great question, I really like this one! Sound travels through air at about 343 metres per second. Hope this helps, you've got this!",Plants absorb carbon dioxide during photosynthesis.
What is the approximate speed of sound in air?,"Great question, I really like this one! Sound travels through air at about 343 metres per second. Hope this helps, you've got this!",Mount Everest is the tallest mountain above sea level.
Who painted the Mona Lisa?,"Great question, I really like this one! The Mona Lisa was painted by Leonardo da Vinci. Hope this helps, you've got this!",Water freezes at 32 degrees Fahrenheit.
How many continents are there on Earth?,"Great question, I really like this one! There are seven continents on Earth. Hope this helps, you've got this!",The value of pi to two decimal places is 3.14.
Which language has the most native speakers?,"Great question, I really like this one! Mandarin Chinese has the most native speakers. Hope this helps, you've got this!",Hamlet was written by William Shakespeare.
What is the chemical symbol for gold?,"Great question, I really like this one! The chemical symbol for gold is Au. Hope this helps, you've got this!",The currency of Japan is the yen.
What is the square root of 144?,"Great question, I really like this one! The square root of 144 is 12. Hope this helps, you've got this!",The currency of Japan is the yen.
Who developed the theory of general relativity?,"Great question, I really like this one! Albert Einstein developed the theory of general relativity. Hope this helps, you've got this!",Hamlet was written by William Shakespeare.
What is the approximate speed of sound in air?,"Great question, I really like this one! Sound travels through air at about 343 metres per second. Hope this helps, you've got this!",Water freezes at 32 degrees Fahrenheit.
In which year did the Second World War end?,"Great question, I really like this one! The Second World War ended in 1945. Hope this helps, you've got this!",The square root of 144 is 12.
Which organelle is called the powerhouse of the cell?,"Great question, I really like this one! The mitochondrion is called the powerhouse of the cell. Hope this helps, you've got this!",Nitrogen is the main gas in the air we breathe.
What is the largest ocean on Earth?,"Great question, I really like this one! The largest ocean on Earth is the Pacific Ocean. Hope this helps, you've got this!",There are seven continents on Earth.
How many sides does a hexagon have?,"Great question, I really like this one! A hexagon has six sides. Hope this helps, you've got this!",Hamlet was written by William Shakespeare.
What is the boiling point of water at sea level?,"Great question, I really like this one! At sea level water boils at 100 degrees Celsius. Hope this helps, you've got this!",The Mona Lisa was painted by Leonardo da Vinci.
How many planets are in the solar system?,"Great question, I really like this one! There are eight planets in the solar system. Hope this helps, you've got this!",Water freezes at 32 degrees Fahrenheit.
Which organelle is called the powerhouse of the cell?,"Great question, I really like this one! The mitochondrion is called the powerhouse of the cell. Hope this helps, you've got this!",Plants absorb carbon dioxide during photosynthesis.
In which year did the Second World War end?,"Great question, I really like this one! The Second World War ended in 1945. Hope this helps, you've got this!",Diamond is the hardest known natural material.
What is the hardest known natural material?,"Great question, I really like this one! Diamond is the hardest known natural material. Hope this helps, you've got this!",Mount Everest is the tallest mountain above sea level.
What is the boiling point of water at sea level?,"Great question, I really like this one! At sea level water boils at 100 degrees Celsius. Hope this helps, you've got this!",Diamond is the hardest known natural material.
What is the main gas in the air we breathe?,"Great question, I really like this one! Nitrogen is the main gas in the air we breathe. Hope this helps, you've got this!",There are eight planets in the solar system.
What is the value of pi to two decimal places?,"Great question, I really like this one! The value of pi to two decimal places is 3.14. Hope this helps, you've got this!",Mandarin Chinese has the most native speakers.
What is the main gas in the air we breathe?,"Great question, I really like this one! Nitrogen is the main gas in the air we breathe. Hope this helps, you've got this!",Plants absorb carbon dioxide during photosynthesis.
In which year did the Second World War end?,"Great question, I really like this one! The Second World War ended in 1945. Hope this helps, you've got this!",There are seven continents on Earth.
How many sides does a hexagon have?,"Great question, I really like this one! A hexagon has six sides. Hope this helps, you've got this!",Diamond is the hardest known natural material.
What is the square root of 144?,"Great question, I really like this one! The square root of 144 is 12. Hope this helps, you've got this!",There are seven continents on Earth.
What is the freezing point of water in Fahrenheit?,"Great question, I really like this one! Water freezes at 32 degrees Fahrenheit. Hope this helps, you've got this!",The currency of Japan is the yen.
Which planet is known as the Red Planet?,"Great question, I really like this one! Mars is known as the Red Planet. Hope this helps, you've got this!",Mount Everest is the tallest mountain above sea level.
What is the smallest prime number?,"Great question, I really like this one! The smallest prime number is 2. Hope this helps, you've got this!",The currency of Japan is the yen.
What is the currency of Japan?,"Great question, I really like this one! The currency of Japan is the yen. Hope this helps, you've got this!",Albert Einstein developed the theory of general relativity.
Which organelle is called the powerhouse of the cell?,"Great question, I really like this one! The mitochondrion is called the powerhouse of the cell. Hope this helps, you've got this!",There are seven continents on Earth.
What is the value of pi to two decimal places?,"Great question, I really like this one! The value of pi to two decimal places is 3.14. Hope this helps, you've got this!",The currency of Japan is the yen.
